-- MySQL dump 10.13  Distrib 5.5.19, for osx10.6 (i386)
--
-- Host: localhost    Database: simplestoredb
-- ------------------------------------------------------
-- Server version	5.5.19

/*!40101 SET @OLD_CHARACTER_SET_CLIENT=@@CHARACTER_SET_CLIENT */;
/*!40101 SET @OLD_CHARACTER_SET_RESULTS=@@CHARACTER_SET_RESULTS */;
/*!40101 SET @OLD_COLLATION_CONNECTION=@@COLLATION_CONNECTION */;
/*!40101 SET NAMES utf8 */;
/*!40103 SET @OLD_TIME_ZONE=@@TIME_ZONE */;
/*!40103 SET TIME_ZONE='+00:00' */;
/*!40014 SET @OLD_UNIQUE_CHECKS=@@UNIQUE_CHECKS, UNIQUE_CHECKS=0 */;
/*!40014 SET @OLD_FOREIGN_KEY_CHECKS=@@FOREIGN_KEY_CHECKS, FOREIGN_KEY_CHECKS=0 */;
/*!40101 SET @OLD_SQL_MODE=@@SQL_MODE, SQL_MODE='NO_AUTO_VALUE_ON_ZERO' */;
/*!40111 SET @OLD_SQL_NOTES=@@SQL_NOTES, SQL_NOTES=0 */;

--
-- Current Database: `simplestoredb`
--

CREATE DATABASE /*!32312 IF NOT EXISTS*/ `simplestoredb` /*!40100 DEFAULT CHARACTER SET latin1 */;

USE `simplestoredb`;

--
-- Table structure for table `brands`
--

DROP TABLE IF EXISTS `brands`;
/*!40101 SET @saved_cs_client     = @@character_set_client */;
/*!40101 SET character_set_client = utf8 */;
CREATE TABLE `brands` (
  `brand_id` int(11) NOT NULL AUTO_INCREMENT,
  `name` varchar(255) NOT NULL,
  `created_at` datetime DEFAULT NULL,
  PRIMARY KEY (`brand_id`)
) ENGINE=InnoDB AUTO_INCREMENT=15 DEFAULT CHARSET=latin1;
/*!40101 SET character_set_client = @saved_cs_client */;

--
-- Dumping data for table `brands`
--

LOCK TABLES `brands` WRITE;
/*!40000 ALTER TABLE `brands` DISABLE KEYS */;
INSERT INTO `brands` VALUES (1,'brand_0','2012-01-05 21:44:03'),(2,'brand_1','2012-01-05 21:44:03'),(3,'brand_2','2012-01-05 21:44:03'),(4,'brand_3','2012-01-05 21:44:03'),(5,'brand_4','2012-01-05 21:44:03'),(6,'brand_5','2012-01-05 21:44:03'),(7,'brand_6','2012-01-05 21:44:03'),(8,'brand_7','2012-01-05 21:44:03'),(9,'brand_8','2012-01-05 21:44:03'),(10,'brand_9','2012-01-05 21:44:03');
/*!40000 ALTER TABLE `brands` ENABLE KEYS */;
UNLOCK TABLES;

--
-- Table structure for table `categories`
--

DROP TABLE IF EXISTS `categories`;
/*!40101 SET @saved_cs_client     = @@character_set_client */;
/*!40101 SET character_set_client = utf8 */;
CREATE TABLE `categories` (
  `category_id` int(11) NOT NULL AUTO_INCREMENT,
  `name` varchar(255) NOT NULL,
  `created_at` datetime DEFAULT NULL,
  PRIMARY KEY (`category_id`)
) ENGINE=InnoDB AUTO_INCREMENT=15 DEFAULT CHARSET=latin1;
/*!40101 SET character_set_client = @saved_cs_client */;

--
-- Dumping data for table `categories`
--

LOCK TABLES `categories` WRITE;
/*!40000 ALTER TABLE `categories` DISABLE KEYS */;
INSERT INTO `categories` VALUES (1,'category_0','2012-01-05 21:44:03'),(2,'category_1','2012-01-05 21:44:03'),(3,'category_2','2012-01-05 21:44:03'),(4,'category_3','2012-01-05 21:44:03'),(5,'category_4','2012-01-05 21:44:03'),(6,'category_5','2012-01-05 21:44:03'),(7,'category_6','2012-01-05 21:44:03'),(8,'category_7','2012-01-05 21:44:03'),(9,'category_8','2012-01-05 21:44:03'),(10,'category_9','2012-01-05 21:44:03');
/*!40000 ALTER TABLE `categories` ENABLE KEYS */;
UNLOCK TABLES;

--
-- Table structure for table `products`
--

DROP TABLE IF EXISTS `products`;
/*!40101 SET @saved_cs_client     = @@character_set_client */;
/*!40101 SET character_set_client = utf8 */;
CREATE TABLE `products` (
  `product_id` int(11) NOT NULL AUTO_INCREMENT,
  `name` varchar(255) NOT NULL,
  `brand_id` int(11) DEFAULT NULL,
  `category_id` int(11) DEFAULT NULL,
  `description` varchar(255) DEFAULT '',
  `origin` varchar(255) DEFAULT '',
  `is_enabled` tinyint(1) DEFAULT '1',
  `price` float DEFAULT '0',
  `created_at` datetime DEFAULT NULL,
  PRIMARY KEY (`product_id`),
  KEY `brand_id` (`brand_id`),
  KEY `category_id` (`category_id`),
  CONSTRAINT `products_ibfk_2` FOREIGN KEY (`category_id`) REFERENCES `categories` (`category_id`),
  CONSTRAINT `products_ibfk_1` FOREIGN KEY (`brand_id`) REFERENCES `brands` (`brand_id`)
) ENGINE=InnoDB AUTO_INCREMENT=203 DEFAULT CHARSET=latin1;
/*!40101 SET character_set_client = @saved_cs_client */;

--
-- Dumping data for table `products`
--

LOCK TABLES `products` WRITE;
/*!40000 ALTER TABLE `products` DISABLE KEYS */;
INSERT INTO `products` VALUES (1,'product_0',10,2,'Lucy and Paul meet Reba, a famous country singer who runs over some roadkill.','France',1,92.4685,'2012-01-05 21:44:03'),(2,'product_1',3,9,'An Italian restaurant called \'Garlic Garden\' has bad service. Vito, the waiter, says the restaurant treats customers like family, but doesn\'t care about his customers and hates his Ma, while his Ma only tries to help the restaurant out.','India',1,130.422,'2012-01-05 21:44:03'),(3,'product_2',3,8,'Julia Peters hosts a show about her crush, Zach Feldman. She invites guests such as Jay Harrick, who sits next to Zach in class, and Zach\'s cleaning lady, Oxana Crofski, who thought she was there for a cleaning job.','France',1,17.3914,'2012-01-05 21:44:03'),(4,'product_3',6,9,'Lucy and Paul meet Reba, a famous country singer who runs over some roadkill.','United Kingdom',1,108.063,'2012-01-05 21:44:03'),(5,'product_4',5,4,'Boys at school compete to see who has the saggiest jeans. Dag Sagger comes with his pants on his knees and scares off the competition. Eventually, Sag Master Jake arrives with his pants down to his ankles and he and Dag Sagger fight it out.','Indonesia',1,37.3359,'2012-01-05 21:44:03'),(6,'product_5',5,7,'Strawberryland is threatened by aliens and Strawberry Shortbread, must protect everyone from the aliens in this trailer for Strawberry Shortbread Saves The Earth.','USA',1,93.4619,'2012-01-05 21:44:03'),(7,'product_6',9,8,'Three teenage band members, who write songs about hating parents, try to find a new member, but when he comes, they find out that his songs are about loving parents and hating teens.','Indonesia',1,89.3233,'2012-01-05 21:44:03'),(8,'product_7',10,7,'Three teenage band members, who write songs about hating parents, try to find a new member, but when he comes, they find out that his songs are about loving parents and hating teens.','Japan',1,76.553,'2012-01-05 21:44:03'),(9,'product_8',10,10,'A boy with a medical condition that makes him sound sarcastic all the time struggles talking to people, because they cannot tell if he is sarcastic or not.','USA',1,46.9109,'2012-01-05 21:44:03'),(10,'product_9',1,9,'Three teenage band members, who write songs about hating parents, try to find a new member, but when he comes, they find out that his songs are about loving parents and hating teens.','Japan',1,89.5144,'2012-01-05 21:44:03'),(11,'product_10',9,8,'Lucy and Paul meet Reba, a famous country singer who runs over some roadkill.','United Kingdom',1,24.0668,'2012-01-05 21:44:03'),(12,'product_11',10,10,'An Italian restaurant called \'Garlic Garden\' has bad service. Vito, the waiter, says the restaurant treats customers like family, but doesn\'t care about his customers and hates his Ma, while his Ma only tries to help the restaurant out.','Japan',1,86.487,'2012-01-05 21:44:03'),(13,'product_12',9,6,'A boy with a medical condition that makes him sound sarcastic all the time struggles talking to people, because they cannot tell if he is sarcastic or not.','United Kingdom',1,96.4794,'2012-01-05 21:44:03'),(14,'product_13',2,2,'A boy attempts to win a bear for his girlfriend in a carnival game, but a cruel carny repeatedly distracts the boy by doing such things as spraying him in the face with water, each time saying, \"I never said I wouldn\'t!\" When the boy finally wins the game','Indonesia',1,32.4788,'2012-01-05 21:44:03'),(15,'product_14',9,5,'Two little girls wish they could text like their big sister, but they are too young. Their fears are no more when they find a new doll called \"Lil\' Texters\". Val repeats everything her friend says.','Indonesia',1,56.9191,'2012-01-05 21:44:03'),(16,'product_15',4,6,'Lucy and Paul meet Reba, a famous country singer who runs over some roadkill.','United Kingdom',1,4.50945,'2012-01-05 21:44:03'),(17,'product_16',5,9,'Two little girls wish they could text like their big sister, but they are too young. Their fears are no more when they find a new doll called \"Lil\' Texters\". Val repeats everything her friend says.','China',1,101.369,'2012-01-05 21:44:03'),(18,'product_17',3,8,'A student named Oscar gets kicked out of school for bad behavior. He then takes on a disguise as a fake foreign exchange student to get away with doing bad things by saying that they are part of his culture. At the end of the sketch, he says he\'s going to','China',1,60.7483,'2012-01-05 21:44:03'),(19,'product_18',4,1,'Jack Sparrow falls in love with various types of birds. When Jack\'s family warns him that he can\'t fly, he gets scared of a cat and jumps out of the nest.','United Kingdom',1,10.9841,'2012-01-05 21:44:03'),(20,'product_19',7,1,'Lori Bedletter draws a name out of a box to let the winner touch dangerous animals. Lori has lost both of her hands to dangerous animals. Jerry Seinfield appears and touches an animal. The winner is a little girl whose parents are deaf to her refusals to ','USA',1,52.4548,'2012-01-05 21:44:03'),(21,'product_20',4,1,'Strawberryland is threatened by aliens and Strawberry Shortbread, must protect everyone from the aliens in this trailer for Strawberry Shortbread Saves The Earth.','United Kingdom',1,36.9104,'2012-01-05 21:44:03'),(22,'product_21',6,1,'Lori Bedletter draws a name out of a box to let the winner touch dangerous animals. Lori has lost both of her hands to dangerous animals. Jerry Seinfield appears and touches an animal. The winner is a little girl whose parents are deaf to her refusals to ','United Kingdom',1,9.07029,'2012-01-05 21:44:03'),(23,'product_22',4,8,'Lori Bedletter draws a name out of a box to let the winner touch dangerous animals. Lori has lost both of her hands to dangerous animals. Jerry Seinfield appears and touches an animal. The winner is a little girl whose parents are deaf to her refusals to ','Japan',1,33.9991,'2012-01-05 21:44:03'),(24,'product_23',1,7,'An Italian restaurant called \'Garlic Garden\' has bad service. Vito, the waiter, says the restaurant treats customers like family, but doesn\'t care about his customers and hates his Ma, while his Ma only tries to help the restaurant out.','USA',1,131.889,'2012-01-05 21:44:03'),(25,'product_24',6,7,'A boy attempts to win a bear for his girlfriend in a carnival game, but a cruel carny repeatedly distracts the boy by doing such things as spraying him in the face with water, each time saying, \"I never said I wouldn\'t!\" When the boy finally wins the game','France',1,98.4362,'2012-01-05 21:44:03'),(26,'product_25',4,9,'Boys at school compete to see who has the saggiest jeans. Dag Sagger comes with his pants on his knees and scares off the competition. Eventually, Sag Master Jake arrives with his pants down to his ankles and he and Dag Sagger fight it out.','Russia',1,87.5257,'2012-01-05 21:44:03'),(27,'product_26',7,4,'Three teenage band members, who write songs about hating parents, try to find a new member, but when he comes, they find out that his songs are about loving parents and hating teens.','France',1,51.8074,'2012-01-05 21:44:03'),(28,'product_27',5,1,'Three teenage band members, who write songs about hating parents, try to find a new member, but when he comes, they find out that his songs are about loving parents and hating teens.','Japan',1,100.763,'2012-01-05 21:44:03'),(29,'product_28',4,8,'Two little girls wish they could text like their big sister, but they are too young. Their fears are no more when they find a new doll called \"Lil\' Texters\". Val repeats everything her friend says.','Japan',1,46.6313,'2012-01-05 21:44:03'),(30,'product_29',3,7,'Three teenage band members, who write songs about hating parents, try to find a new member, but when he comes, they find out that his songs are about loving parents and hating teens.','China',1,46.7674,'2012-01-05 21:44:03'),(31,'product_30',5,1,'Lucy and Paul meet Reba, a famous country singer who runs over some roadkill.','Indonesia',1,0.858473,'2012-01-05 21:44:03'),(32,'product_31',3,1,'Lucy and Paul meet Reba, a famous country singer who runs over some roadkill.','USA',1,3.94797,'2012-01-05 21:44:03'),(33,'product_32',9,5,'Strawberryland is threatened by aliens and Strawberry Shortbread, must protect everyone from the aliens in this trailer for Strawberry Shortbread Saves The Earth.','German',1,41.6656,'2012-01-05 21:44:03'),(34,'product_33',5,3,'A student named Oscar gets kicked out of school for bad behavior. He then takes on a disguise as a fake foreign exchange student to get away with doing bad things by saying that they are part of his culture. At the end of the sketch, he says he\'s going to','Russia',1,15.2773,'2012-01-05 21:44:03'),(35,'product_34',2,9,'Jack Sparrow falls in love with various types of birds. When Jack\'s family warns him that he can\'t fly, he gets scared of a cat and jumps out of the nest.','France',1,62.4716,'2012-01-05 21:44:03'),(36,'product_35',2,1,'A boy attempts to win a bear for his girlfriend in a carnival game, but a cruel carny repeatedly distracts the boy by doing such things as spraying him in the face with water, each time saying, \"I never said I wouldn\'t!\" When the boy finally wins the game','France',1,17.9749,'2012-01-05 21:44:03'),(37,'product_36',2,2,'An Italian restaurant called \'Garlic Garden\' has bad service. Vito, the waiter, says the restaurant treats customers like family, but doesn\'t care about his customers and hates his Ma, while his Ma only tries to help the restaurant out.','United Kingdom',1,48.6998,'2012-01-05 21:44:03'),(38,'product_37',1,8,'Two little girls wish they could text like their big sister, but they are too young. Their fears are no more when they find a new doll called \"Lil\' Texters\". Val repeats everything her friend says.','United Kingdom',1,76.3473,'2012-01-05 21:44:03'),(39,'product_38',3,8,'Lori Bedletter draws a name out of a box to let the winner touch dangerous animals. Lori has lost both of her hands to dangerous animals. Jerry Seinfield appears and touches an animal. The winner is a little girl whose parents are deaf to her refusals to ','United Kingdom',1,22.6248,'2012-01-05 21:44:03'),(40,'product_39',6,10,'Strawberryland is threatened by aliens and Strawberry Shortbread, must protect everyone from the aliens in this trailer for Strawberry Shortbread Saves The Earth.','China',1,76.9136,'2012-01-05 21:44:03'),(41,'product_40',6,2,'Lucy and Paul meet Reba, a famous country singer who runs over some roadkill.','Indonesia',1,54.2701,'2012-01-05 21:44:03'),(42,'product_41',6,10,'Boys at school compete to see who has the saggiest jeans. Dag Sagger comes with his pants on his knees and scares off the competition. Eventually, Sag Master Jake arrives with his pants down to his ankles and he and Dag Sagger fight it out.','Russia',1,89.8134,'2012-01-05 21:44:03'),(43,'product_42',8,5,'Boys at school compete to see who has the saggiest jeans. Dag Sagger comes with his pants on his knees and scares off the competition. Eventually, Sag Master Jake arrives with his pants down to his ankles and he and Dag Sagger fight it out.','USA',1,71.6547,'2012-01-05 21:44:03'),(44,'product_43',9,2,'A boy with a medical condition that makes him sound sarcastic all the time struggles talking to people, because they cannot tell if he is sarcastic or not.','France',1,98.4073,'2012-01-05 21:44:03'),(45,'product_44',9,1,'Boys at school compete to see who has the saggiest jeans. Dag Sagger comes with his pants on his knees and scares off the competition. Eventually, Sag Master Jake arrives with his pants down to his ankles and he and Dag Sagger fight it out.','China',1,33.2,'2012-01-05 21:44:03'),(46,'product_45',7,6,'Jack Sparrow falls in love with various types of birds. When Jack\'s family warns him that he can\'t fly, he gets scared of a cat and jumps out of the nest.','France',1,27.4797,'2012-01-05 21:44:03'),(47,'product_46',6,6,'Three teenage band members, who write songs about hating parents, try to find a new member, but when he comes, they find out that his songs are about loving parents and hating teens.','China',1,44.2616,'2012-01-05 21:44:03'),(48,'product_47',5,8,'Jack Sparrow falls in love with various types of birds. When Jack\'s family warns him that he can\'t fly, he gets scared of a cat and jumps out of the nest.','Japan',1,89.0226,'2012-01-05 21:44:03'),(49,'product_48',1,5,'Boys at school compete to see who has the saggiest jeans. Dag Sagger comes with his pants on his knees and scares off the competition. Eventually, Sag Master Jake arrives with his pants down to his ankles and he and Dag Sagger fight it out.','China',1,22.894,'2012-01-05 21:44:03'),(50,'product_49',7,5,'Strawberryland is threatened by aliens and Strawberry Shortbread, must protect everyone from the aliens in this trailer for Strawberry Shortbread Saves The Earth.','German',1,17.2648,'2012-01-05 21:44:03'),(51,'product_50',1,7,'From the creators of Bedazzle Zit, comes a new blemish remover: Guac-A-Mole, guacamole that you apply to your mole.','Japan',1,28.567,'2012-01-05 21:44:03'),(52,'product_51',8,3,'Julia Peters hosts a show about her crush, Zach Feldman. She invites guests such as Jay Harrick, who sits next to Zach in class, and Zach\'s cleaning lady, Oxana Crofski, who thought she was there for a cleaning job.','China',1,0.425633,'2012-01-05 21:44:03'),(53,'product_52',4,10,'A boy with a medical condition that makes him sound sarcastic all the time struggles talking to people, because they cannot tell if he is sarcastic or not.','Russia',1,106.464,'2012-01-05 21:44:03'),(54,'product_53',1,8,'Three teenage band members, who write songs about hating parents, try to find a new member, but when he comes, they find out that his songs are about loving parents and hating teens.','China',1,93.0697,'2012-01-05 21:44:03'),(55,'product_54',8,6,'A student named Oscar gets kicked out of school for bad behavior. He then takes on a disguise as a fake foreign exchange student to get away with doing bad things by saying that they are part of his culture. At the end of the sketch, he says he\'s going to','United Kingdom',1,58.3306,'2012-01-05 21:44:03'),(56,'product_55',3,1,'A student named Oscar gets kicked out of school for bad behavior. He then takes on a disguise as a fake foreign exchange student to get away with doing bad things by saying that they are part of his culture. At the end of the sketch, he says he\'s going to','Russia',1,30.049,'2012-01-05 21:44:03'),(57,'product_56',7,8,'Lori Bedletter draws a name out of a box to let the winner touch dangerous animals. Lori has lost both of her hands to dangerous animals. Jerry Seinfield appears and touches an animal. The winner is a little girl whose parents are deaf to her refusals to ','India',1,25.8111,'2012-01-05 21:44:03'),(58,'product_57',6,9,'Lori Bedletter draws a name out of a box to let the winner touch dangerous animals. Lori has lost both of her hands to dangerous animals. Jerry Seinfield appears and touches an animal. The winner is a little girl whose parents are deaf to her refusals to ','India',1,85.118,'2012-01-05 21:44:03'),(59,'product_58',5,2,'Lucy and Paul meet Reba, a famous country singer who runs over some roadkill.','Russia',1,36.2979,'2012-01-05 21:44:03'),(60,'product_59',8,5,'An Italian restaurant called \'Garlic Garden\' has bad service. Vito, the waiter, says the restaurant treats customers like family, but doesn\'t care about his customers and hates his Ma, while his Ma only tries to help the restaurant out.','China',1,4.15569,'2012-01-05 21:44:03'),(61,'product_60',10,3,'An Italian restaurant called \'Garlic Garden\' has bad service. Vito, the waiter, says the restaurant treats customers like family, but doesn\'t care about his customers and hates his Ma, while his Ma only tries to help the restaurant out.','German',1,95.2448,'2012-01-05 21:44:03'),(62,'product_61',2,3,'Lori Bedletter draws a name out of a box to let the winner touch dangerous animals. Lori has lost both of her hands to dangerous animals. Jerry Seinfield appears and touches an animal. The winner is a little girl whose parents are deaf to her refusals to ','China',1,95.1615,'2012-01-05 21:44:03'),(63,'product_62',2,3,'Three teenage band members, who write songs about hating parents, try to find a new member, but when he comes, they find out that his songs are about loving parents and hating teens.','China',1,116.399,'2012-01-05 21:44:03'),(64,'product_63',10,8,'Strawberryland is threatened by aliens and Strawberry Shortbread, must protect everyone from the aliens in this trailer for Strawberry Shortbread Saves The Earth.','German',1,81.0331,'2012-01-05 21:44:03'),(65,'product_64',6,5,'Strawberryland is threatened by aliens and Strawberry Shortbread, must protect everyone from the aliens in this trailer for Strawberry Shortbread Saves The Earth.','Indonesia',1,5.77013,'2012-01-05 21:44:03'),(66,'product_65',10,9,'Lucy and Paul meet Reba, a famous country singer who runs over some roadkill.','USA',1,55.4719,'2012-01-05 21:44:03'),(67,'product_66',5,7,'Lucy and Paul meet Reba, a famous country singer who runs over some roadkill.','United Kingdom',1,4.58375,'2012-01-05 21:44:03'),(68,'product_67',1,3,'From the creators of Bedazzle Zit, comes a new blemish remover: Guac-A-Mole, guacamole that you apply to your mole.','Russia',1,114.254,'2012-01-05 21:44:03'),(69,'product_68',10,2,'Boys at school compete to see who has the saggiest jeans. Dag Sagger comes with his pants on his knees and scares off the competition. Eventually, Sag Master Jake arrives with his pants down to his ankles and he and Dag Sagger fight it out.','Russia',1,73.4467,'2012-01-05 21:44:03'),(70,'product_69',2,5,'Boys at school compete to see who has the saggiest jeans. Dag Sagger comes with his pants on his knees and scares off the competition. Eventually, Sag Master Jake arrives with his pants down to his ankles and he and Dag Sagger fight it out.','Russia',1,85.8467,'2012-01-05 21:44:03'),(71,'product_70',2,7,'Boys at school compete to see who has the saggiest jeans. Dag Sagger comes with his pants on his knees and scares off the competition. Eventually, Sag Master Jake arrives with his pants down to his ankles and he and Dag Sagger fight it out.','United Kingdom',1,52.1396,'2012-01-05 21:44:03'),(72,'product_71',4,9,'Lucy and Paul meet Reba, a famous country singer who runs over some roadkill.','Japan',1,59.2267,'2012-01-05 21:44:03'),(73,'product_72',3,9,'Jack Sparrow falls in love with various types of birds. When Jack\'s family warns him that he can\'t fly, he gets scared of a cat and jumps out of the nest.','Indonesia',1,56.4098,'2012-01-05 21:44:03'),(74,'product_73',6,6,'Two little girls wish they could text like their big sister, but they are too young. Their fears are no more when they find a new doll called \"Lil\' Texters\". Val repeats everything her friend says.','Japan',1,73.2485,'2012-01-05 21:44:03'),(75,'product_74',5,2,'An Italian restaurant called \'Garlic Garden\' has bad service. Vito, the waiter, says the restaurant treats customers like family, but doesn\'t care about his customers and hates his Ma, while his Ma only tries to help the restaurant out.','China',1,40.7054,'2012-01-05 21:44:03'),(76,'product_75',1,10,'Boys at school compete to see who has the saggiest jeans. Dag Sagger comes with his pants on his knees and scares off the competition. Eventually, Sag Master Jake arrives with his pants down to his ankles and he and Dag Sagger fight it out.','France',1,71.369,'2012-01-05 21:44:03'),(77,'product_76',9,9,'Two little girls wish they could text like their big sister, but they are too young. Their fears are no more when they find a new doll called \"Lil\' Texters\". Val repeats everything her friend says.','German',1,32.7331,'2012-01-05 21:44:03'),(78,'product_77',6,1,'Boys at school compete to see who has the saggiest jeans. Dag Sagger comes with his pants on his knees and scares off the competition. Eventually, Sag Master Jake arrives with his pants down to his ankles and he and Dag Sagger fight it out.','Indonesia',1,75.2369,'2012-01-05 21:44:03'),(79,'product_78',2,10,'Lori Bedletter draws a name out of a box to let the winner touch dangerous animals. Lori has lost both of her hands to dangerous animals. Jerry Seinfield appears and touches an animal. The winner is a little girl whose parents are deaf to her refusals to ','Indonesia',1,61.8696,'2012-01-05 21:44:03'),(80,'product_79',9,7,'Two little girls wish they could text like their big sister, but they are too young. Their fears are no more when they find a new doll called \"Lil\' Texters\". Val repeats everything her friend says.','German',1,70.0676,'2012-01-05 21:44:03'),(81,'product_80',7,10,'Two little girls wish they could text like their big sister, but they are too young. Their fears are no more when they find a new doll called \"Lil\' Texters\". Val repeats everything her friend says.','USA',1,8.32896,'2012-01-05 21:44:03'),(82,'product_81',9,3,'Strawberryland is threatened by aliens and Strawberry Shortbread, must protect everyone from the aliens in this trailer for Strawberry Shortbread Saves The Earth.','Indonesia',1,65.4851,'2012-01-05 21:44:03'),(83,'product_82',8,1,'A boy attempts to win a bear for his girlfriend in a carnival game, but a cruel carny repeatedly distracts the boy by doing such things as spraying him in the face with water, each time saying, \"I never said I wouldn\'t!\" When the boy finally wins the game','USA',1,78.1871,'2012-01-05 21:44:03'),(84,'product_83',9,3,'Two little girls wish they could text like their big sister, but they are too young. Their fears are no more when they find a new doll called \"Lil\' Texters\". Val repeats everything her friend says.','USA',1,70.3986,'2012-01-05 21:44:03'),(85,'product_84',6,2,'Two little girls wish they could text like their big sister, but they are too young. Their fears are no more when they find a new doll called \"Lil\' Texters\". Val repeats everything her friend says.','Indonesia',1,53.174,'2012-01-05 21:44:03'),(86,'product_85',8,2,'Lucy and Paul meet Reba, a famous country singer who runs over some roadkill.','India',1,19.694,'2012-01-05 21:44:03'),(87,'product_86',6,5,'Jack Sparrow falls in love with various types of birds. When Jack\'s family warns him that he can\'t fly, he gets scared of a cat and jumps out of the nest.','China',1,9.88287,'2012-01-05 21:44:03'),(88,'product_87',5,8,'Lucy and Paul meet Reba, a famous country singer who runs over some roadkill.','Indonesia',1,75.629,'2012-01-05 21:44:03'),(89,'product_88',8,9,'Three teenage band members, who write songs about hating parents, try to find a new member, but when he comes, they find out that his songs are about loving parents and hating teens.','China',1,103.582,'2012-01-05 21:44:03'),(90,'product_89',6,9,'Two little girls wish they could text like their big sister, but they are too young. Their fears are no more when they find a new doll called \"Lil\' Texters\". Val repeats everything her friend says.','Indonesia',1,28.5778,'2012-01-05 21:44:03'),(91,'product_90',7,7,'Strawberryland is threatened by aliens and Strawberry Shortbread, must protect everyone from the aliens in this trailer for Strawberry Shortbread Saves The Earth.','Japan',1,67.7843,'2012-01-05 21:44:03'),(92,'product_91',4,10,'Lucy and Paul meet Reba, a famous country singer who runs over some roadkill.','China',1,19.5036,'2012-01-05 21:44:03'),(93,'product_92',7,2,'Lucy and Paul meet Reba, a famous country singer who runs over some roadkill.','France',1,43.4905,'2012-01-05 21:44:03'),(94,'product_93',2,1,'Lucy and Paul meet Reba, a famous country singer who runs over some roadkill.','France',1,2.74192,'2012-01-05 21:44:03'),(95,'product_94',6,10,'Jack Sparrow falls in love with various types of birds. When Jack\'s family warns him that he can\'t fly, he gets scared of a cat and jumps out of the nest.','German',1,98.4672,'2012-01-05 21:44:03'),(96,'product_95',3,3,'A student named Oscar gets kicked out of school for bad behavior. He then takes on a disguise as a fake foreign exchange student to get away with doing bad things by saying that they are part of his culture. At the end of the sketch, he says he\'s going to','United Kingdom',1,13.5033,'2012-01-05 21:44:03'),(97,'product_96',8,5,'An Italian restaurant called \'Garlic Garden\' has bad service. Vito, the waiter, says the restaurant treats customers like family, but doesn\'t care about his customers and hates his Ma, while his Ma only tries to help the restaurant out.','Japan',1,20.8334,'2012-01-05 21:44:03'),(98,'product_97',9,4,'A student named Oscar gets kicked out of school for bad behavior. He then takes on a disguise as a fake foreign exchange student to get away with doing bad things by saying that they are part of his culture. At the end of the sketch, he says he\'s going to','China',1,5.32391,'2012-01-05 21:44:03'),(99,'product_98',3,4,'A boy with a medical condition that makes him sound sarcastic all the time struggles talking to people, because they cannot tell if he is sarcastic or not.','France',1,7.91309,'2012-01-05 21:44:03'),(100,'product_99',5,3,'Strawberryland is threatened by aliens and Strawberry Shortbread, must protect everyone from the aliens in this trailer for Strawberry Shortbread Saves The Earth.','Japan',1,47.2746,'2012-01-05 21:44:03'),(101,'product_100',9,9,'An Italian restaurant called \'Garlic Garden\' has bad service. Vito, the waiter, says the restaurant treats customers like family, but doesn\'t care about his customers and hates his Ma, while his Ma only tries to help the restaurant out.','France',1,129.847,'2012-01-05 21:44:03'),(102,'product_101',1,4,'Strawberryland is threatened by aliens and Strawberry Shortbread, must protect everyone from the aliens in this trailer for Strawberry Shortbread Saves The Earth.','Japan',1,126.658,'2012-01-05 21:44:03'),(103,'product_102',6,4,'A student named Oscar gets kicked out of school for bad behavior. He then takes on a disguise as a fake foreign exchange student to get away with doing bad things by saying that they are part of his culture. At the end of the sketch, he says he\'s going to','USA',1,4.44606,'2012-01-05 21:44:03'),(104,'product_103',2,1,'Jack Sparrow falls in love with various types of birds. When Jack\'s family warns him that he can\'t fly, he gets scared of a cat and jumps out of the nest.','Russia',1,38.5382,'2012-01-05 21:44:03'),(105,'product_104',5,10,'Lori Bedletter draws a name out of a box to let the winner touch dangerous animals. Lori has lost both of her hands to dangerous animals. Jerry Seinfield appears and touches an animal. The winner is a little girl whose parents are deaf to her refusals to ','Indonesia',1,38.6164,'2012-01-05 21:44:03'),(106,'product_105',9,9,'Julia Peters hosts a show about her crush, Zach Feldman. She invites guests such as Jay Harrick, who sits next to Zach in class, and Zach\'s cleaning lady, Oxana Crofski, who thought she was there for a cleaning job.','Russia',1,40.2614,'2012-01-05 21:44:03'),(107,'product_106',5,8,'A boy attempts to win a bear for his girlfriend in a carnival game, but a cruel carny repeatedly distracts the boy by doing such things as spraying him in the face with water, each time saying, \"I never said I wouldn\'t!\" When the boy finally wins the game','Russia',1,95.8208,'2012-01-05 21:44:03'),(108,'product_107',7,4,'Boys at school compete to see who has the saggiest jeans. Dag Sagger comes with his pants on his knees and scares off the competition. Eventually, Sag Master Jake arrives with his pants down to his ankles and he and Dag Sagger fight it out.','India',1,80.4124,'2012-01-05 21:44:03'),(109,'product_108',10,8,'A student named Oscar gets kicked out of school for bad behavior. He then takes on a disguise as a fake foreign exchange student to get away with doing bad things by saying that they are part of his culture. At the end of the sketch, he says he\'s going to','USA',1,27.0037,'2012-01-05 21:44:03'),(110,'product_109',6,4,'A boy with a medical condition that makes him sound sarcastic all the time struggles talking to people, because they cannot tell if he is sarcastic or not.','India',1,43.4412,'2012-01-05 21:44:03'),(111,'product_110',8,5,'Jack Sparrow falls in love with various types of birds. When Jack\'s family warns him that he can\'t fly, he gets scared of a cat and jumps out of the nest.','Russia',1,128.806,'2012-01-05 21:44:03'),(112,'product_111',4,5,'A boy attempts to win a bear for his girlfriend in a carnival game, but a cruel carny repeatedly distracts the boy by doing such things as spraying him in the face with water, each time saying, \"I never said I wouldn\'t!\" When the boy finally wins the game','France',1,20.6217,'2012-01-05 21:44:03'),(113,'product_112',9,1,'Boys at school compete to see who has the saggiest jeans. Dag Sagger comes with his pants on his knees and scares off the competition. Eventually, Sag Master Jake arrives with his pants down to his ankles and he and Dag Sagger fight it out.','Russia',1,57.3921,'2012-01-05 21:44:03'),(114,'product_113',5,7,'A boy attempts to win a bear for his girlfriend in a carnival game, but a cruel carny repeatedly distracts the boy by doing such things as spraying him in the face with water, each time saying, \"I never said I wouldn\'t!\" When the boy finally wins the game','Japan',1,122.675,'2012-01-05 21:44:03'),(115,'product_114',1,5,'Lucy and Paul meet Reba, a famous country singer who runs over some roadkill.','Indonesia',1,9.90533,'2012-01-05 21:44:03'),(116,'product_115',4,4,'From the creators of Bedazzle Zit, comes a new blemish remover: Guac-A-Mole, guacamole that you apply to your mole.','Indonesia',1,33.8605,'2012-01-05 21:44:03'),(117,'product_116',1,5,'Jack Sparrow falls in love with various types of birds. When Jack\'s family warns him that he can\'t fly, he gets scared of a cat and jumps out of the nest.','Russia',1,0.921393,'2012-01-05 21:44:03'),(118,'product_117',8,1,'Two little girls wish they could text like their big sister, but they are too young. Their fears are no more when they find a new doll called \"Lil\' Texters\". Val repeats everything her friend says.','USA',1,94.0591,'2012-01-05 21:44:03'),(119,'product_118',2,8,'An Italian restaurant called \'Garlic Garden\' has bad service. Vito, the waiter, says the restaurant treats customers like family, but doesn\'t care about his customers and hates his Ma, while his Ma only tries to help the restaurant out.','United Kingdom',1,17.9898,'2012-01-05 21:44:03'),(120,'product_119',3,6,'Jack Sparrow falls in love with various types of birds. When Jack\'s family warns him that he can\'t fly, he gets scared of a cat and jumps out of the nest.','India',1,60.8926,'2012-01-05 21:44:03'),(121,'product_120',7,9,'From the creators of Bedazzle Zit, comes a new blemish remover: Guac-A-Mole, guacamole that you apply to your mole.','German',1,93.0053,'2012-01-05 21:44:03'),(122,'product_121',10,1,'Strawberryland is threatened by aliens and Strawberry Shortbread, must protect everyone from the aliens in this trailer for Strawberry Shortbread Saves The Earth.','United Kingdom',1,49.5346,'2012-01-05 21:44:03'),(123,'product_122',6,5,'An Italian restaurant called \'Garlic Garden\' has bad service. Vito, the waiter, says the restaurant treats customers like family, but doesn\'t care about his customers and hates his Ma, while his Ma only tries to help the restaurant out.','China',1,13.9172,'2012-01-05 21:44:03'),(124,'product_123',2,7,'Boys at school compete to see who has the saggiest jeans. Dag Sagger comes with his pants on his knees and scares off the competition. Eventually, Sag Master Jake arrives with his pants down to his ankles and he and Dag Sagger fight it out.','France',1,65.7419,'2012-01-05 21:44:03'),(125,'product_124',6,3,'Lori Bedletter draws a name out of a box to let the winner touch dangerous animals. Lori has lost both of her hands to dangerous animals. Jerry Seinfield appears and touches an animal. The winner is a little girl whose parents are deaf to her refusals to ','Japan',1,72.1666,'2012-01-05 21:44:03'),(126,'product_125',5,6,'An Italian restaurant called \'Garlic Garden\' has bad service. Vito, the waiter, says the restaurant treats customers like family, but doesn\'t care about his customers and hates his Ma, while his Ma only tries to help the restaurant out.','China',1,112.611,'2012-01-05 21:44:03'),(127,'product_126',2,5,'Julia Peters hosts a show about her crush, Zach Feldman. She invites guests such as Jay Harrick, who sits next to Zach in class, and Zach\'s cleaning lady, Oxana Crofski, who thought she was there for a cleaning job.','United Kingdom',1,65.9081,'2012-01-05 21:44:03'),(128,'product_127',4,7,'Julia Peters hosts a show about her crush, Zach Feldman. She invites guests such as Jay Harrick, who sits next to Zach in class, and Zach\'s cleaning lady, Oxana Crofski, who thought she was there for a cleaning job.','India',1,34.6552,'2012-01-05 21:44:03'),(129,'product_128',6,6,'Three teenage band members, who write songs about hating parents, try to find a new member, but when he comes, they find out that his songs are about loving parents and hating teens.','Russia',1,49.0284,'2012-01-05 21:44:03'),(130,'product_129',9,8,'Lori Bedletter draws a name out of a box to let the winner touch dangerous animals. Lori has lost both of her hands to dangerous animals. Jerry Seinfield appears and touches an animal. The winner is a little girl whose parents are deaf to her refusals to ','China',1,59.6883,'2012-01-05 21:44:03'),(131,'product_130',8,9,'An Italian restaurant called \'Garlic Garden\' has bad service. Vito, the waiter, says the restaurant treats customers like family, but doesn\'t care about his customers and hates his Ma, while his Ma only tries to help the restaurant out.','India',1,131.804,'2012-01-05 21:44:03'),(132,'product_131',9,2,'A boy with a medical condition that makes him sound sarcastic all the time struggles talking to people, because they cannot tell if he is sarcastic or not.','USA',1,76.337,'2012-01-05 21:44:03'),(133,'product_132',5,3,'Jack Sparrow falls in love with various types of birds. When Jack\'s family warns him that he can\'t fly, he gets scared of a cat and jumps out of the nest.','Indonesia',1,20.0097,'2012-01-05 21:44:03'),(134,'product_133',10,8,'Strawberryland is threatened by aliens and Strawberry Shortbread, must protect everyone from the aliens in this trailer for Strawberry Shortbread Saves The Earth.','Russia',1,90.3699,'2012-01-05 21:44:03'),(135,'product_134',8,7,'Julia Peters hosts a show about her crush, Zach Feldman. She invites guests such as Jay Harrick, who sits next to Zach in class, and Zach\'s cleaning lady, Oxana Crofski, who thought she was there for a cleaning job.','China',1,10.5799,'2012-01-05 21:44:03'),(136,'product_135',5,10,'An Italian restaurant called \'Garlic Garden\' has bad service. Vito, the waiter, says the restaurant treats customers like family, but doesn\'t care about his customers and hates his Ma, while his Ma only tries to help the restaurant out.','China',1,25.9987,'2012-01-05 21:44:03'),(137,'product_136',1,1,'A student named Oscar gets kicked out of school for bad behavior. He then takes on a disguise as a fake foreign exchange student to get away with doing bad things by saying that they are part of his culture. At the end of the sketch, he says he\'s going to','Russia',1,45.7237,'2012-01-05 21:44:03'),(138,'product_137',6,7,'A boy attempts to win a bear for his girlfriend in a carnival game, but a cruel carny repeatedly distracts the boy by doing such things as spraying him in the face with water, each time saying, \"I never said I wouldn\'t!\" When the boy finally wins the game','USA',1,27.7368,'2012-01-05 21:44:03'),(139,'product_138',6,1,'Two little girls wish they could text like their big sister, but they are too young. Their fears are no more when they find a new doll called \"Lil\' Texters\". Val repeats everything her friend says.','Japan',1,30.9261,'2012-01-05 21:44:03'),(140,'product_139',5,9,'A student named Oscar gets kicked out of school for bad behavior. He then takes on a disguise as a fake foreign exchange student to get away with doing bad things by saying that they are part of his culture. At the end of the sketch, he says he\'s going to','United Kingdom',1,52.8918,'2012-01-05 21:44:03'),(141,'product_140',9,10,'Boys at school compete to see who has the saggiest jeans. Dag Sagger comes with his pants on his knees and scares off the competition. Eventually, Sag Master Jake arrives with his pants down to his ankles and he and Dag Sagger fight it out.','Indonesia',1,23.5666,'2012-01-05 21:44:03'),(142,'product_141',2,9,'Lucy and Paul meet Reba, a famous country singer who runs over some roadkill.','USA',1,82.6953,'2012-01-05 21:44:03'),(143,'product_142',9,4,'A student named Oscar gets kicked out of school for bad behavior. He then takes on a disguise as a fake foreign exchange student to get away with doing bad things by saying that they are part of his culture. At the end of the sketch, he says he\'s going to','Japan',1,16.1526,'2012-01-05 21:44:03'),(144,'product_143',1,10,'Julia Peters hosts a show about her crush, Zach Feldman. She invites guests such as Jay Harrick, who sits next to Zach in class, and Zach\'s cleaning lady, Oxana Crofski, who thought she was there for a cleaning job.','Indonesia',1,66.3516,'2012-01-05 21:44:03'),(145,'product_144',7,7,'Three teenage band members, who write songs about hating parents, try to find a new member, but when he comes, they find out that his songs are about loving parents and hating teens.','United Kingdom',1,43.0779,'2012-01-05 21:44:03'),(146,'product_145',5,7,'Two little girls wish they could text like their big sister, but they are too young. Their fears are no more when they find a new doll called \"Lil\' Texters\". Val repeats everything her friend says.','Russia',1,9.13614,'2012-01-05 21:44:03'),(147,'product_146',9,5,'A boy attempts to win a bear for his girlfriend in a carnival game, but a cruel carny repeatedly distracts the boy by doing such things as spraying him in the face with water, each time saying, \"I never said I wouldn\'t!\" When the boy finally wins the game','France',1,25.1654,'2012-01-05 21:44:03'),(148,'product_147',1,5,'Jack Sparrow falls in love with various types of birds. When Jack\'s family warns him that he can\'t fly, he gets scared of a cat and jumps out of the nest.','India',1,145.21,'2012-01-05 21:44:03'),(149,'product_148',5,3,'Jack Sparrow falls in love with various types of birds. When Jack\'s family warns him that he can\'t fly, he gets scared of a cat and jumps out of the nest.','Japan',1,8.08384,'2012-01-05 21:44:03'),(150,'product_149',4,4,'From the creators of Bedazzle Zit, comes a new blemish remover: Guac-A-Mole, guacamole that you apply to your mole.','German',1,5.1594,'2012-01-05 21:44:03'),(151,'product_150',2,7,'Two little girls wish they could text like their big sister, but they are too young. Their fears are no more when they find a new doll called \"Lil\' Texters\". Val repeats everything her friend says.','India',1,4.22523,'2012-01-05 21:44:03'),(152,'product_151',8,6,'An Italian restaurant called \'Garlic Garden\' has bad service. Vito, the waiter, says the restaurant treats customers like family, but doesn\'t care about his customers and hates his Ma, while his Ma only tries to help the restaurant out.','China',1,9.06827,'2012-01-05 21:44:03'),(153,'product_152',4,8,'A boy with a medical condition that makes him sound sarcastic all the time struggles talking to people, because they cannot tell if he is sarcastic or not.','German',1,122.984,'2012-01-05 21:44:03'),(154,'product_153',10,4,'Three teenage band members, who write songs about hating parents, try to find a new member, but when he comes, they find out that his songs are about loving parents and hating teens.','China',1,62.5011,'2012-01-05 21:44:03'),(155,'product_154',10,9,'Three teenage band members, who write songs about hating parents, try to find a new member, but when he comes, they find out that his songs are about loving parents and hating teens.','USA',1,57.8986,'2012-01-05 21:44:03'),(156,'product_155',7,7,'From the creators of Bedazzle Zit, comes a new blemish remover: Guac-A-Mole, guacamole that you apply to your mole.','United Kingdom',1,11.0704,'2012-01-05 21:44:03'),(157,'product_156',9,1,'A boy attempts to win a bear for his girlfriend in a carnival game, but a cruel carny repeatedly distracts the boy by doing such things as spraying him in the face with water, each time saying, \"I never said I wouldn\'t!\" When the boy finally wins the game','German',1,27.4793,'2012-01-05 21:44:03'),(158,'product_157',4,1,'A boy attempts to win a bear for his girlfriend in a carnival game, but a cruel carny repeatedly distracts the boy by doing such things as spraying him in the face with water, each time saying, \"I never said I wouldn\'t!\" When the boy finally wins the game','United Kingdom',1,82.336,'2012-01-05 21:44:03'),(159,'product_158',9,4,'A boy with a medical condition that makes him sound sarcastic all the time struggles talking to people, because they cannot tell if he is sarcastic or not.','Russia',1,19.5354,'2012-01-05 21:44:03'),(160,'product_159',6,9,'A student named Oscar gets kicked out of school for bad behavior. He then takes on a disguise as a fake foreign exchange student to get away with doing bad things by saying that they are part of his culture. At the end of the sketch, he says he\'s going to','USA',1,75.682,'2012-01-05 21:44:03'),(161,'product_160',5,5,'An Italian restaurant called \'Garlic Garden\' has bad service. Vito, the waiter, says the restaurant treats customers like family, but doesn\'t care about his customers and hates his Ma, while his Ma only tries to help the restaurant out.','Japan',1,0.968997,'2012-01-05 21:44:03'),(162,'product_161',2,6,'Jack Sparrow falls in love with various types of birds. When Jack\'s family warns him that he can\'t fly, he gets scared of a cat and jumps out of the nest.','United Kingdom',1,30.1906,'2012-01-05 21:44:03'),(163,'product_162',8,7,'Boys at school compete to see who has the saggiest jeans. Dag Sagger comes with his pants on his knees and scares off the competition. Eventually, Sag Master Jake arrives with his pants down to his ankles and he and Dag Sagger fight it out.','Japan',1,76.9431,'2012-01-05 21:44:03'),(164,'product_163',7,1,'Lucy and Paul meet Reba, a famous country singer who runs over some roadkill.','German',1,53.4525,'2012-01-05 21:44:03'),(165,'product_164',3,5,'Jack Sparrow falls in love with various types of birds. When Jack\'s family warns him that he can\'t fly, he gets scared of a cat and jumps out of the nest.','Japan',1,21.9408,'2012-01-05 21:44:03'),(166,'product_165',3,7,'Julia Peters hosts a show about her crush, Zach Feldman. She invites guests such as Jay Harrick, who sits next to Zach in class, and Zach\'s cleaning lady, Oxana Crofski, who thought she was there for a cleaning job.','Russia',1,69.1199,'2012-01-05 21:44:03'),(167,'product_166',10,1,'A student named Oscar gets kicked out of school for bad behavior. He then takes on a disguise as a fake foreign exchange student to get away with doing bad things by saying that they are part of his culture. At the end of the sketch, he says he\'s going to','United Kingdom',1,35.8564,'2012-01-05 21:44:03'),(168,'product_167',8,6,'Lucy and Paul meet Reba, a famous country singer who runs over some roadkill.','USA',1,12.1283,'2012-01-05 21:44:03'),(169,'product_168',1,7,'Lucy and Paul meet Reba, a famous country singer who runs over some roadkill.','USA',1,2.73659,'2012-01-05 21:44:03'),(170,'product_169',9,1,'Three teenage band members, who write songs about hating parents, try to find a new member, but when he comes, they find out that his songs are about loving parents and hating teens.','France',1,28.2795,'2012-01-05 21:44:03'),(171,'product_170',4,9,'Two little girls wish they could text like their big sister, but they are too young. Their fears are no more when they find a new doll called \"Lil\' Texters\". Val repeats everything her friend says.','China',1,69.5336,'2012-01-05 21:44:03'),(172,'product_171',2,8,'Two little girls wish they could text like their big sister, but they are too young. Their fears are no more when they find a new doll called \"Lil\' Texters\". Val repeats everything her friend says.','Russia',1,91.0592,'2012-01-05 21:44:03'),(173,'product_172',2,5,'An Italian restaurant called \'Garlic Garden\' has bad service. Vito, the waiter, says the restaurant treats customers like family, but doesn\'t care about his customers and hates his Ma, while his Ma only tries to help the restaurant out.','Japan',1,70.9458,'2012-01-05 21:44:03'),(174,'product_173',10,8,'Lucy and Paul meet Reba, a famous country singer who runs over some roadkill.','France',1,38.0507,'2012-01-05 21:44:03'),(175,'product_174',2,3,'A student named Oscar gets kicked out of school for bad behavior. He then takes on a disguise as a fake foreign exchange student to get away with doing bad things by saying that they are part of his culture. At the end of the sketch, he says he\'s going to','India',1,70.6519,'2012-01-05 21:44:03'),(176,'product_175',4,7,'Lucy and Paul meet Reba, a famous country singer who runs over some roadkill.','France',1,21.0386,'2012-01-05 21:44:03'),(177,'product_176',8,2,'Jack Sparrow falls in love with various types of birds. When Jack\'s family warns him that he can\'t fly, he gets scared of a cat and jumps out of the nest.','Russia',1,24.9595,'2012-01-05 21:44:03'),(178,'product_177',6,10,'A boy with a medical condition that makes him sound sarcastic all the time struggles talking to people, because they cannot tell if he is sarcastic or not.','France',1,40.3826,'2012-01-05 21:44:03'),(179,'product_178',4,5,'A student named Oscar gets kicked out of school for bad behavior. He then takes on a disguise as a fake foreign exchange student to get away with doing bad things by saying that they are part of his culture. At the end of the sketch, he says he\'s going to','Indonesia',1,24.006,'2012-01-05 21:44:03'),(180,'product_179',3,5,'From the creators of Bedazzle Zit, comes a new blemish remover: Guac-A-Mole, guacamole that you apply to your mole.','Russia',1,73.4165,'2012-01-05 21:44:03'),(181,'product_180',4,4,'Boys at school compete to see who has the saggiest jeans. Dag Sagger comes with his pants on his knees and scares off the competition. Eventually, Sag Master Jake arrives with his pants down to his ankles and he and Dag Sagger fight it out.','France',1,44.4823,'2012-01-05 21:44:03'),(182,'product_181',2,2,'Jack Sparrow falls in love with various types of birds. When Jack\'s family warns him that he can\'t fly, he gets scared of a cat and jumps out of the nest.','Indonesia',1,36.9116,'2012-01-05 21:44:03'),(183,'product_182',10,2,'Three teenage band members, who write songs about hating parents, try to find a new member, but when he comes, they find out that his songs are about loving parents and hating teens.','Indonesia',1,50.6174,'2012-01-05 21:44:03'),(184,'product_183',9,9,'An Italian restaurant called \'Garlic Garden\' has bad service. Vito, the waiter, says the restaurant treats customers like family, but doesn\'t care about his customers and hates his Ma, while his Ma only tries to help the restaurant out.','United Kingdom',1,23.1887,'2012-01-05 21:44:03'),(185,'product_184',4,5,'Strawberryland is threatened by aliens and Strawberry Shortbread, must protect everyone from the aliens in this trailer for Strawberry Shortbread Saves The Earth.','German',1,82.8368,'2012-01-05 21:44:03'),(186,'product_185',8,4,'A boy attempts to win a bear for his girlfriend in a carnival game, but a cruel carny repeatedly distracts the boy by doing such things as spraying him in the face with water, each time saying, \"I never said I wouldn\'t!\" When the boy finally wins the game','United Kingdom',1,46.4121,'2012-01-05 21:44:03'),(187,'product_186',5,9,'A student named Oscar gets kicked out of school for bad behavior. He then takes on a disguise as a fake foreign exchange student to get away with doing bad things by saying that they are part of his culture. At the end of the sketch, he says he\'s going to','Indonesia',1,110.39,'2012-01-05 21:44:03'),(188,'product_187',10,3,'A boy with a medical condition that makes him sound sarcastic all the time struggles talking to people, because they cannot tell if he is sarcastic or not.','USA',1,17.0041,'2012-01-05 21:44:03'),(189,'product_188',10,5,'Lucy and Paul meet Reba, a famous country singer who runs over some roadkill.','USA',1,58.6475,'2012-01-05 21:44:03'),(190,'product_189',9,10,'A boy attempts to win a bear for his girlfriend in a carnival game, but a cruel carny repeatedly distracts the boy by doing such things as spraying him in the face with water, each time saying, \"I never said I wouldn\'t!\" When the boy finally wins the game','USA',1,56.0513,'2012-01-05 21:44:03'),(191,'product_190',4,9,'A boy with a medical condition that makes him sound sarcastic all the time struggles talking to people, because they cannot tell if he is sarcastic or not.','Japan',1,73.3223,'2012-01-05 21:44:03'),(192,'product_191',3,8,'A boy with a medical condition that makes him sound sarcastic all the time struggles talking to people, because they cannot tell if he is sarcastic or not.','Japan',1,64.4935,'2012-01-05 21:44:03'),(193,'product_192',5,1,'From the creators of Bedazzle Zit, comes a new blemish remover: Guac-A-Mole, guacamole that you apply to your mole.','Japan',1,37.9245,'2012-01-05 21:44:03'),(194,'product_193',5,7,'Lucy and Paul meet Reba, a famous country singer who runs over some roadkill.','USA',1,31.7484,'2012-01-05 21:44:03'),(195,'product_194',1,3,'Jack Sparrow falls in love with various types of birds. When Jack\'s family warns him that he can\'t fly, he gets scared of a cat and jumps out of the nest.','Indonesia',1,108.316,'2012-01-05 21:44:03'),(196,'product_195',10,6,'A boy attempts to win a bear for his girlfriend in a carnival game, but a cruel carny repeatedly distracts the boy by doing such things as spraying him in the face with water, each time saying, \"I never said I wouldn\'t!\" When the boy finally wins the game','Indonesia',1,11.3236,'2012-01-05 21:44:03'),(197,'product_196',10,5,'Three teenage band members, who write songs about hating parents, try to find a new member, but when he comes, they find out that his songs are about loving parents and hating teens.','USA',1,115.079,'2012-01-05 21:44:03'),(198,'product_197',6,4,'Three teenage band members, who write songs about hating parents, try to find a new member, but when he comes, they find out that his songs are about loving parents and hating teens.','USA',1,41.0715,'2012-01-05 21:44:03'),(199,'product_198',1,4,'Two little girls wish they could text like their big sister, but they are too young. Their fears are no more when they find a new doll called \"Lil\' Texters\". Val repeats everything her friend says.','Japan',1,91.4017,'2012-01-05 21:44:03'),(200,'product_199',4,8,'A boy with a medical condition that makes him sound sarcastic all the time struggles talking to people, because they cannot tell if he is sarcastic or not.','German',1,68.005,'2012-01-05 21:44:03');
/*!40000 ALTER TABLE `products` ENABLE KEYS */;
UNLOCK TABLES;

--
-- Table structure for table `schema_migrations`
--

DROP TABLE IF EXISTS `schema_migrations`;
/*!40101 SET @saved_cs_client     = @@character_set_client */;
/*!40101 SET character_set_client = utf8 */;
CREATE TABLE `schema_migrations` (
  `version` varchar(255) NOT NULL,
  UNIQUE KEY `unique_schema_migrations` (`version`)
) ENGINE=InnoDB DEFAULT CHARSET=latin1;
/*!40101 SET character_set_client = @saved_cs_client */;

--
-- Dumping data for table `schema_migrations`
--

LOCK TABLES `schema_migrations` WRITE;
/*!40000 ALTER TABLE `schema_migrations` DISABLE KEYS */;
INSERT INTO `schema_migrations` VALUES ('20120105045203'),('20120105045259'),('20120105045301'),('20120105045302'),('20120106052651');
/*!40000 ALTER TABLE `schema_migrations` ENABLE KEYS */;
UNLOCK TABLES;

--
-- Table structure for table `skus`
--

DROP TABLE IF EXISTS `skus`;
/*!40101 SET @saved_cs_client     = @@character_set_client */;
/*!40101 SET character_set_client = utf8 */;
CREATE TABLE `skus` (
  `product_id` int(11) NOT NULL DEFAULT '0',
  `sku_part` varchar(255) NOT NULL,
  `short_name` varchar(255) DEFAULT NULL,
  `description` varchar(255) NOT NULL,
  `amount` int(11) DEFAULT '0',
  `price` float DEFAULT NULL,
  `is_enabled` tinyint(1) DEFAULT '1',
  PRIMARY KEY (`product_id`,`sku_part`),
  CONSTRAINT `skus_ibfk_1` FOREIGN KEY (`product_id`) REFERENCES `products` (`product_id`)
) ENGINE=InnoDB DEFAULT CHARSET=latin1;
/*!40101 SET character_set_client = @saved_cs_client */;

--
-- Dumping data for table `skus`
--

LOCK TABLES `skus` WRITE;
/*!40000 ALTER TABLE `skus` DISABLE KEYS */;
INSERT INTO `skus` VALUES (1,'A','Blue','',8,NULL,1),(1,'B','Blue','',34,NULL,1),(1,'C','White','',86,NULL,1),(1,'D','Brown','',89,NULL,1),(2,'A','White','',2,NULL,1),(2,'B','Yellow','',48,NULL,1),(2,'C','Teal','',33,NULL,1),(2,'D','Yellow','',28,NULL,1),(3,'A','White','',2,NULL,1),(3,'B','Brown','',28,NULL,1),(3,'C','Blue','',93,NULL,1),(3,'D','Green','',38,NULL,1),(4,'A','Brown','',1,NULL,1),(4,'B','White','',86,NULL,1),(4,'C','Blue','',98,NULL,1),(4,'D','Black','',39,NULL,1),(5,'A','Teal','',15,NULL,1),(5,'B','Yellow','',16,NULL,1),(5,'C','Red','',43,NULL,1),(5,'D','Green','',2,NULL,1),(6,'A','Teal','',16,NULL,1),(6,'B','Black','',36,NULL,1),(6,'C','Blue','',58,NULL,1),(6,'D','Black','',87,NULL,1),(7,'A','Yellow','',60,NULL,1),(7,'B','Green','',76,NULL,1),(7,'C','White','',97,NULL,1),(7,'D','Yellow','',16,NULL,1),(8,'A','White','',5,NULL,1),(8,'B','Teal','',16,NULL,1),(8,'C','White','',70,NULL,1),(8,'D','Teal','',32,NULL,1),(9,'A','Red','',24,NULL,1),(9,'B','Red','',66,NULL,1),(9,'C','Yellow','',54,NULL,1),(9,'D','White','',72,NULL,1),(10,'A','Black','',19,NULL,1),(10,'B','White','',11,NULL,1),(10,'C','White','',48,NULL,1),(10,'D','Black','',94,NULL,1),(11,'A','Green','',60,NULL,1),(11,'B','Green','',83,NULL,1),(11,'C','Red','',1,NULL,1),(11,'D','Blue','',65,NULL,1),(12,'A','Blue','',13,NULL,1),(12,'B','Yellow','',37,NULL,1),(12,'C','Yellow','',25,NULL,1),(12,'D','Black','',54,NULL,1),(13,'A','White','',18,NULL,1),(13,'B','Blue','',78,NULL,1),(13,'C','Red','',56,NULL,1),(13,'D','Red','',48,NULL,1),(14,'A','Black','',97,NULL,1),(14,'B','White','',95,NULL,1),(14,'C','Red','',33,NULL,1),(14,'D','Black','',88,NULL,1),(15,'A','Teal','',3,NULL,1),(15,'B','Teal','',10,NULL,1),(15,'C','Teal','',54,NULL,1),(15,'D','Red','',84,NULL,1),(16,'A','Teal','',18,NULL,1),(16,'B','White','',68,NULL,1),(16,'C','Black','',52,NULL,1),(16,'D','Brown','',37,NULL,1),(17,'A','Brown','',97,NULL,1),(17,'B','Brown','',39,NULL,1),(17,'C','Brown','',24,NULL,1),(17,'D','Brown','',44,NULL,1),(18,'A','Black','',21,NULL,1),(18,'B','Red','',64,NULL,1),(18,'C','Blue','',40,NULL,1),(18,'D','Black','',23,NULL,1),(19,'A','Red','',82,NULL,1),(19,'B','White','',99,NULL,1),(19,'C','Green','',72,NULL,1),(19,'D','White','',44,NULL,1),(20,'A','White','',36,NULL,1),(20,'B','Red','',72,NULL,1),(20,'C','Teal','',87,NULL,1),(20,'D','Red','',96,NULL,1),(21,'A','Brown','',95,NULL,1),(21,'B','Teal','',54,NULL,1),(21,'C','Green','',98,NULL,1),(21,'D','Yellow','',65,NULL,1),(22,'A','Black','',32,NULL,1),(22,'B','Green','',59,NULL,1),(22,'C','Black','',79,NULL,1),(22,'D','Teal','',61,NULL,1),(23,'A','Black','',49,NULL,1),(23,'B','Blue','',89,NULL,1),(23,'C','Black','',58,NULL,1),(23,'D','Brown','',22,NULL,1),(24,'A','Red','',22,NULL,1),(24,'B','Teal','',51,NULL,1),(24,'C','Green','',60,NULL,1),(24,'D','Black','',13,NULL,1),(25,'A','Teal','',93,NULL,1),(25,'B','Brown','',33,NULL,1),(25,'C','White','',71,NULL,1),(25,'D','Teal','',30,NULL,1),(26,'A','Black','',6,NULL,1),(26,'B','Black','',15,NULL,1),(26,'C','Yellow','',66,NULL,1),(26,'D','Green','',70,NULL,1),(27,'A','Blue','',15,NULL,1),(27,'B','Blue','',59,NULL,1),(27,'C','Green','',88,NULL,1),(27,'D','Green','',86,NULL,1),(28,'A','Red','',87,NULL,1),(28,'B','Yellow','',96,NULL,1),(28,'C','Brown','',54,NULL,1),(28,'D','Blue','',30,NULL,1),(29,'A','White','',53,NULL,1),(29,'B','White','',44,NULL,1),(29,'C','Brown','',22,NULL,1),(29,'D','Yellow','',13,NULL,1),(30,'A','Green','',57,NULL,1),(30,'B','Black','',50,NULL,1),(30,'C','Red','',24,NULL,1),(30,'D','Black','',95,NULL,1),(31,'A','Blue','',91,NULL,1),(31,'B','Teal','',9,NULL,1),(31,'C','Blue','',13,NULL,1),(31,'D','Green','',6,NULL,1),(32,'A','Red','',70,NULL,1),(32,'B','Red','',32,NULL,1),(32,'C','Blue','',1,NULL,1),(32,'D','White','',40,NULL,1),(33,'A','Green','',19,NULL,1),(33,'B','Black','',34,NULL,1),(33,'C','Red','',58,NULL,1),(33,'D','Teal','',77,NULL,1),(34,'A','Red','',97,NULL,1),(34,'B','Yellow','',33,NULL,1),(34,'C','Green','',85,NULL,1),(34,'D','Brown','',90,NULL,1),(35,'A','White','',66,NULL,1),(35,'B','Black','',58,NULL,1),(35,'C','Yellow','',59,NULL,1),(35,'D','Red','',90,NULL,1),(36,'A','Yellow','',72,NULL,1),(36,'B','Yellow','',71,NULL,1),(36,'C','White','',53,NULL,1),(36,'D','White','',45,NULL,1),(37,'A','Green','',74,NULL,1),(37,'B','Black','',52,NULL,1),(37,'C','Yellow','',99,NULL,1),(37,'D','Teal','',30,NULL,1),(38,'A','Blue','',63,NULL,1),(38,'B','Black','',98,NULL,1),(38,'C','Blue','',62,NULL,1),(38,'D','Red','',56,NULL,1),(39,'A','Blue','',59,NULL,1),(39,'B','Black','',42,NULL,1),(39,'C','Brown','',22,NULL,1),(39,'D','Yellow','',63,NULL,1),(40,'A','Green','',47,NULL,1),(40,'B','Teal','',99,NULL,1),(40,'C','Blue','',18,NULL,1),(40,'D','Brown','',5,NULL,1),(41,'A','Brown','',52,NULL,1),(41,'B','Teal','',83,NULL,1),(41,'C','Brown','',88,NULL,1),(41,'D','Yellow','',66,NULL,1),(42,'A','Black','',20,NULL,1),(42,'B','Red','',9,NULL,1),(42,'C','Brown','',26,NULL,1),(42,'D','Yellow','',77,NULL,1),(43,'A','Red','',80,NULL,1),(43,'B','White','',68,NULL,1),(43,'C','Teal','',58,NULL,1),(43,'D','Blue','',42,NULL,1),(44,'A','Yellow','',50,NULL,1),(44,'B','White','',23,NULL,1),(44,'C','Black','',66,NULL,1),(44,'D','Teal','',82,NULL,1),(45,'A','Green','',62,NULL,1),(45,'B','Brown','',89,NULL,1),(45,'C','White','',35,NULL,1),(45,'D','Blue','',85,NULL,1),(46,'A','Yellow','',51,NULL,1),(46,'B','White','',41,NULL,1),(46,'C','Green','',48,NULL,1),(46,'D','Red','',38,NULL,1),(47,'A','Brown','',63,NULL,1),(47,'B','Black','',20,NULL,1),(47,'C','Green','',38,NULL,1),(47,'D','Teal','',11,NULL,1),(48,'A','Green','',24,NULL,1),(48,'B','Green','',52,NULL,1),(48,'C','Teal','',39,NULL,1),(48,'D','Black','',69,NULL,1),(49,'A','Red','',46,NULL,1),(49,'B','Green','',76,NULL,1),(49,'C','Brown','',67,NULL,1),(49,'D','Yellow','',1,NULL,1),(50,'A','Green','',88,NULL,1),(50,'B','Red','',88,NULL,1),(50,'C','White','',0,NULL,1),(50,'D','Red','',6,NULL,1),(51,'A','Yellow','',33,NULL,1),(51,'B','Blue','',68,NULL,1),(51,'C','Black','',48,NULL,1),(51,'D','White','',10,NULL,1),(52,'A','Black','',28,NULL,1),(52,'B','Brown','',38,NULL,1),(52,'C','Black','',35,NULL,1),(52,'D','Black','',55,NULL,1),(53,'A','Blue','',11,NULL,1),(53,'B','Red','',79,NULL,1),(53,'C','White','',54,NULL,1),(53,'D','White','',25,NULL,1),(54,'A','Green','',25,NULL,1),(54,'B','Green','',83,NULL,1),(54,'C','Green','',45,NULL,1),(54,'D','Yellow','',45,NULL,1),(55,'A','Yellow','',60,NULL,1),(55,'B','Brown','',96,NULL,1),(55,'C','Yellow','',26,NULL,1),(55,'D','Teal','',59,NULL,1),(56,'A','Black','',16,NULL,1),(56,'B','Black','',33,NULL,1),(56,'C','Teal','',21,NULL,1),(56,'D','Teal','',40,NULL,1),(57,'A','Yellow','',45,NULL,1),(57,'B','White','',27,NULL,1),(57,'C','Teal','',45,NULL,1),(57,'D','Red','',58,NULL,1),(58,'A','Teal','',49,NULL,1),(58,'B','White','',76,NULL,1),(58,'C','Teal','',7,NULL,1),(58,'D','Yellow','',40,NULL,1),(59,'A','Blue','',5,NULL,1),(59,'B','Green','',26,NULL,1),(59,'C','Black','',52,NULL,1),(59,'D','Brown','',36,NULL,1),(60,'A','Green','',22,NULL,1),(60,'B','Red','',92,NULL,1),(60,'C','Teal','',30,NULL,1),(60,'D','Teal','',66,NULL,1),(61,'A','Green','',91,NULL,1),(61,'B','Green','',5,NULL,1),(61,'C','Red','',55,NULL,1),(61,'D','Teal','',32,NULL,1),(62,'A','Green','',34,NULL,1),(62,'B','Teal','',80,NULL,1),(62,'C','Teal','',57,NULL,1),(62,'D','Brown','',83,NULL,1),(63,'A','Green','',22,NULL,1),(63,'B','Red','',73,NULL,1),(63,'C','White','',29,NULL,1),(63,'D','Black','',49,NULL,1),(64,'A','Brown','',46,NULL,1),(64,'B','White','',21,NULL,1),(64,'C','Blue','',41,NULL,1),(64,'D','Yellow','',21,NULL,1),(65,'A','Black','',55,NULL,1),(65,'B','Brown','',63,NULL,1),(65,'C','Black','',7,NULL,1),(65,'D','Red','',1,NULL,1),(66,'A','Blue','',82,NULL,1),(66,'B','Teal','',21,NULL,1),(66,'C','Yellow','',74,NULL,1),(66,'D','Green','',19,NULL,1),(67,'A','Red','',88,NULL,1),(67,'B','Blue','',12,NULL,1),(67,'C','Black','',21,NULL,1),(67,'D','Brown','',41,NULL,1),(68,'A','Teal','',82,NULL,1),(68,'B','Black','',67,NULL,1),(68,'C','White','',64,NULL,1),(68,'D','Green','',33,NULL,1),(69,'A','White','',35,NULL,1),(69,'B','Blue','',88,NULL,1),(69,'C','Teal','',15,NULL,1),(69,'D','White','',33,NULL,1),(70,'A','Black','',72,NULL,1),(70,'B','Blue','',87,NULL,1),(70,'C','Yellow','',81,NULL,1),(70,'D','Teal','',82,NULL,1),(71,'A','Red','',1,NULL,1),(71,'B','Blue','',22,NULL,1),(71,'C','Teal','',26,NULL,1),(71,'D','White','',47,NULL,1),(72,'A','Brown','',37,NULL,1),(72,'B','White','',41,NULL,1),(72,'C','Teal','',54,NULL,1),(72,'D','White','',40,NULL,1),(73,'A','Black','',51,NULL,1),(73,'B','Blue','',54,NULL,1),(73,'C','Red','',63,NULL,1),(73,'D','Brown','',38,NULL,1),(74,'A','Black','',12,NULL,1),(74,'B','Brown','',43,NULL,1),(74,'C','Teal','',40,NULL,1),(74,'D','Red','',3,NULL,1),(75,'A','Green','',55,NULL,1),(75,'B','Black','',95,NULL,1),(75,'C','Brown','',1,NULL,1),(75,'D','White','',70,NULL,1),(76,'A','Black','',58,NULL,1),(76,'B','Blue','',52,NULL,1),(76,'C','Brown','',15,NULL,1),(76,'D','Blue','',75,NULL,1),(77,'A','Yellow','',29,NULL,1),(77,'B','Brown','',88,NULL,1),(77,'C','Yellow','',28,NULL,1),(77,'D','Green','',28,NULL,1),(78,'A','Red','',22,NULL,1),(78,'B','Green','',55,NULL,1),(78,'C','Teal','',46,NULL,1),(78,'D','Green','',88,NULL,1),(79,'A','Blue','',62,NULL,1),(79,'B','White','',64,NULL,1),(79,'C','Black','',66,NULL,1),(79,'D','Red','',15,NULL,1),(80,'A','White','',44,NULL,1),(80,'B','Brown','',18,NULL,1),(80,'C','Yellow','',17,NULL,1),(80,'D','Blue','',72,NULL,1),(81,'A','White','',36,NULL,1),(81,'B','Black','',34,NULL,1),(81,'C','Teal','',47,NULL,1),(81,'D','Black','',49,NULL,1),(82,'A','Teal','',47,NULL,1),(82,'B','Black','',56,NULL,1),(82,'C','Green','',17,NULL,1),(82,'D','Red','',65,NULL,1),(83,'A','Blue','',89,NULL,1),(83,'B','White','',7,NULL,1),(83,'C','Brown','',43,NULL,1),(83,'D','Brown','',58,NULL,1),(84,'A','Red','',67,NULL,1),(84,'B','Teal','',17,NULL,1),(84,'C','Brown','',48,NULL,1),(84,'D','Yellow','',31,NULL,1),(85,'A','Blue','',54,NULL,1),(85,'B','Green','',17,NULL,1),(85,'C','Yellow','',66,NULL,1),(85,'D','White','',36,NULL,1),(86,'A','Teal','',83,NULL,1),(86,'B','Blue','',65,NULL,1),(86,'C','Teal','',37,NULL,1),(86,'D','Black','',22,NULL,1),(87,'A','Blue','',8,NULL,1),(87,'B','Teal','',18,NULL,1),(87,'C','Teal','',6,NULL,1),(87,'D','Black','',70,NULL,1),(88,'A','Brown','',13,NULL,1),(88,'B','White','',44,NULL,1),(88,'C','Brown','',13,NULL,1),(88,'D','Yellow','',77,NULL,1),(89,'A','Yellow','',94,NULL,1),(89,'B','Black','',67,NULL,1),(89,'C','Green','',33,NULL,1),(89,'D','Blue','',43,NULL,1),(90,'A','Yellow','',55,NULL,1),(90,'B','White','',85,NULL,1),(90,'C','Teal','',84,NULL,1),(90,'D','Black','',24,NULL,1),(91,'A','Red','',15,NULL,1),(91,'B','Green','',74,NULL,1),(91,'C','Yellow','',71,NULL,1),(91,'D','Blue','',53,NULL,1),(92,'A','Teal','',16,NULL,1),(92,'B','White','',9,NULL,1),(92,'C','Brown','',39,NULL,1),(92,'D','Yellow','',76,NULL,1),(93,'A','Red','',71,NULL,1),(93,'B','Brown','',14,NULL,1),(93,'C','Black','',2,NULL,1),(93,'D','Brown','',56,NULL,1),(94,'A','Teal','',45,NULL,1),(94,'B','Blue','',20,NULL,1),(94,'C','Brown','',96,NULL,1),(94,'D','Blue','',13,NULL,1),(95,'A','Teal','',81,NULL,1),(95,'B','Blue','',54,NULL,1),(95,'C','Yellow','',93,NULL,1),(95,'D','Yellow','',37,NULL,1),(96,'A','Green','',25,NULL,1),(96,'B','Red','',47,NULL,1),(96,'C','Yellow','',52,NULL,1),(96,'D','Blue','',15,NULL,1),(97,'A','Green','',27,NULL,1),(97,'B','Yellow','',54,NULL,1),(97,'C','Red','',48,NULL,1),(97,'D','Black','',3,NULL,1),(98,'A','Green','',74,NULL,1),(98,'B','Brown','',36,NULL,1),(98,'C','Red','',79,NULL,1),(98,'D','Blue','',17,NULL,1),(99,'A','Yellow','',3,NULL,1),(99,'B','Blue','',83,NULL,1),(99,'C','Blue','',97,NULL,1),(99,'D','Blue','',87,NULL,1),(100,'A','Teal','',82,NULL,1),(100,'B','Red','',31,NULL,1),(100,'C','Black','',13,NULL,1),(100,'D','Red','',49,NULL,1),(101,'A','Brown','',77,NULL,1),(101,'B','Black','',13,NULL,1),(101,'C','Black','',82,NULL,1),(101,'D','Brown','',94,NULL,1),(102,'A','Brown','',28,NULL,1),(102,'B','Black','',92,NULL,1),(102,'C','Red','',87,NULL,1),(102,'D','White','',79,NULL,1),(103,'A','Red','',69,NULL,1),(103,'B','Green','',73,NULL,1),(103,'C','Red','',78,NULL,1),(103,'D','Brown','',61,NULL,1),(104,'A','Red','',59,NULL,1),(104,'B','Blue','',66,NULL,1),(104,'C','Teal','',71,NULL,1),(104,'D','Red','',43,NULL,1),(105,'A','Black','',44,NULL,1),(105,'B','Brown','',68,NULL,1),(105,'C','Teal','',8,NULL,1),(105,'D','Yellow','',53,NULL,1),(106,'A','Black','',0,NULL,1),(106,'B','Green','',76,NULL,1),(106,'C','White','',71,NULL,1),(106,'D','Brown','',22,NULL,1),(107,'A','Yellow','',12,NULL,1),(107,'B','Green','',32,NULL,1),(107,'C','Red','',22,NULL,1),(107,'D','Brown','',2,NULL,1),(108,'A','White','',83,NULL,1),(108,'B','Teal','',58,NULL,1),(108,'C','Teal','',96,NULL,1),(108,'D','Blue','',63,NULL,1),(109,'A','White','',39,NULL,1),(109,'B','Yellow','',17,NULL,1),(109,'C','Black','',38,NULL,1),(109,'D','Blue','',51,NULL,1),(110,'A','Red','',67,NULL,1),(110,'B','Blue','',66,NULL,1),(110,'C','White','',77,NULL,1),(110,'D','Black','',46,NULL,1),(111,'A','Blue','',75,NULL,1),(111,'B','Black','',94,NULL,1),(111,'C','Teal','',6,NULL,1),(111,'D','Blue','',68,NULL,1),(112,'A','Yellow','',81,NULL,1),(112,'B','Blue','',49,NULL,1),(112,'C','Blue','',50,NULL,1),(112,'D','Black','',62,NULL,1),(113,'A','Red','',75,NULL,1),(113,'B','White','',73,NULL,1),(113,'C','Red','',20,NULL,1),(113,'D','White','',20,NULL,1),(114,'A','White','',12,NULL,1),(114,'B','Black','',40,NULL,1),(114,'C','Red','',98,NULL,1),(114,'D','White','',80,NULL,1),(115,'A','Blue','',42,NULL,1),(115,'B','Teal','',22,NULL,1),(115,'C','Green','',75,NULL,1),(115,'D','White','',80,NULL,1),(116,'A','Blue','',73,NULL,1),(116,'B','Brown','',59,NULL,1),(116,'C','Black','',9,NULL,1),(116,'D','White','',93,NULL,1),(117,'A','Red','',89,NULL,1),(117,'B','Brown','',76,NULL,1),(117,'C','White','',52,NULL,1),(117,'D','Brown','',20,NULL,1),(118,'A','Green','',9,NULL,1),(118,'B','Black','',46,NULL,1),(118,'C','White','',85,NULL,1),(118,'D','White','',96,NULL,1),(119,'A','Teal','',38,NULL,1),(119,'B','Black','',26,NULL,1),(119,'C','Black','',96,NULL,1),(119,'D','Yellow','',36,NULL,1),(120,'A','Red','',53,NULL,1),(120,'B','Blue','',50,NULL,1),(120,'C','Yellow','',9,NULL,1),(120,'D','Blue','',86,NULL,1),(121,'A','Green','',7,NULL,1),(121,'B','Green','',89,NULL,1),(121,'C','Black','',71,NULL,1),(121,'D','Brown','',52,NULL,1),(122,'A','Teal','',66,NULL,1),(122,'B','Brown','',82,NULL,1),(122,'C','White','',37,NULL,1),(122,'D','Black','',57,NULL,1),(123,'A','Blue','',91,NULL,1),(123,'B','Black','',63,NULL,1),(123,'C','Green','',11,NULL,1),(123,'D','Brown','',78,NULL,1),(124,'A','Blue','',77,NULL,1),(124,'B','White','',50,NULL,1),(124,'C','White','',67,NULL,1),(124,'D','Red','',39,NULL,1),(125,'A','Blue','',96,NULL,1),(125,'B','Green','',21,NULL,1),(125,'C','Blue','',25,NULL,1),(125,'D','White','',44,NULL,1),(126,'A','Black','',66,NULL,1),(126,'B','Blue','',4,NULL,1),(126,'C','Red','',22,NULL,1),(126,'D','Yellow','',24,NULL,1),(127,'A','Green','',9,NULL,1),(127,'B','Blue','',11,NULL,1),(127,'C','Blue','',92,NULL,1),(127,'D','Black','',57,NULL,1),(128,'A','White','',63,NULL,1),(128,'B','Red','',29,NULL,1),(128,'C','Red','',48,NULL,1),(128,'D','Blue','',43,NULL,1),(129,'A','Green','',77,NULL,1),(129,'B','Brown','',14,NULL,1),(129,'C','Yellow','',53,NULL,1),(129,'D','Red','',55,NULL,1),(130,'A','Teal','',1,NULL,1),(130,'B','Green','',95,NULL,1),(130,'C','Teal','',20,NULL,1),(130,'D','Blue','',26,NULL,1),(131,'A','Red','',71,NULL,1),(131,'B','White','',65,NULL,1),(131,'C','Green','',8,NULL,1),(131,'D','Green','',88,NULL,1),(132,'A','White','',17,NULL,1),(132,'B','Teal','',12,NULL,1),(132,'C','White','',59,NULL,1),(132,'D','Blue','',5,NULL,1),(133,'A','Blue','',10,NULL,1),(133,'B','White','',81,NULL,1),(133,'C','Brown','',6,NULL,1),(133,'D','Green','',13,NULL,1),(134,'A','Red','',40,NULL,1),(134,'B','Brown','',29,NULL,1),(134,'C','White','',55,NULL,1),(134,'D','Brown','',68,NULL,1),(135,'A','White','',77,NULL,1),(135,'B','Black','',28,NULL,1),(135,'C','Green','',15,NULL,1),(135,'D','Green','',22,NULL,1),(136,'A','Yellow','',73,NULL,1),(136,'B','Yellow','',11,NULL,1),(136,'C','Blue','',91,NULL,1),(136,'D','Brown','',74,NULL,1),(137,'A','White','',38,NULL,1),(137,'B','Green','',25,NULL,1),(137,'C','Blue','',93,NULL,1),(137,'D','Yellow','',54,NULL,1),(138,'A','Brown','',7,NULL,1),(138,'B','Green','',92,NULL,1),(138,'C','White','',38,NULL,1),(138,'D','Red','',84,NULL,1),(139,'A','Teal','',91,NULL,1),(139,'B','Yellow','',13,NULL,1),(139,'C','Brown','',35,NULL,1),(139,'D','White','',49,NULL,1),(140,'A','Green','',62,NULL,1),(140,'B','White','',37,NULL,1),(140,'C','Brown','',93,NULL,1),(140,'D','Black','',54,NULL,1),(141,'A','Blue','',53,NULL,1),(141,'B','Red','',82,NULL,1),(141,'C','Red','',98,NULL,1),(141,'D','Teal','',25,NULL,1),(142,'A','Green','',25,NULL,1),(142,'B','Black','',21,NULL,1),(142,'C','Black','',43,NULL,1),(142,'D','Yellow','',62,NULL,1),(143,'A','White','',25,NULL,1),(143,'B','Black','',24,NULL,1),(143,'C','Yellow','',12,NULL,1),(143,'D','Green','',90,NULL,1),(144,'A','Green','',23,NULL,1),(144,'B','White','',60,NULL,1),(144,'C','White','',57,NULL,1),(144,'D','Blue','',20,NULL,1),(145,'A','White','',49,NULL,1),(145,'B','Black','',46,NULL,1),(145,'C','Yellow','',14,NULL,1),(145,'D','Blue','',94,NULL,1),(146,'A','White','',32,NULL,1),(146,'B','White','',2,NULL,1),(146,'C','Red','',8,NULL,1),(146,'D','Black','',88,NULL,1),(147,'A','Teal','',44,NULL,1),(147,'B','Teal','',63,NULL,1),(147,'C','Yellow','',72,NULL,1),(147,'D','Black','',58,NULL,1),(148,'A','Black','',45,NULL,1),(148,'B','Teal','',84,NULL,1),(148,'C','Brown','',55,NULL,1),(148,'D','Red','',28,NULL,1),(149,'A','Black','',35,NULL,1),(149,'B','Green','',70,NULL,1),(149,'C','White','',63,NULL,1),(149,'D','Brown','',22,NULL,1),(150,'A','Green','',75,NULL,1),(150,'B','Black','',81,NULL,1),(150,'C','Green','',42,NULL,1),(150,'D','Yellow','',29,NULL,1),(151,'A','Teal','',49,NULL,1),(151,'B','Green','',86,NULL,1),(151,'C','Brown','',98,NULL,1),(151,'D','Red','',40,NULL,1),(152,'A','White','',18,NULL,1),(152,'B','Blue','',74,NULL,1),(152,'C','Black','',25,NULL,1),(152,'D','Green','',45,NULL,1),(153,'A','Red','',60,NULL,1),(153,'B','Yellow','',26,NULL,1),(153,'C','Black','',56,NULL,1),(153,'D','Yellow','',23,NULL,1),(154,'A','Yellow','',39,NULL,1),(154,'B','Teal','',12,NULL,1),(154,'C','Red','',81,NULL,1),(154,'D','Yellow','',67,NULL,1),(155,'A','Teal','',81,NULL,1),(155,'B','Black','',92,NULL,1),(155,'C','Red','',30,NULL,1),(155,'D','Brown','',54,NULL,1),(156,'A','Teal','',71,NULL,1),(156,'B','Brown','',30,NULL,1),(156,'C','Black','',51,NULL,1),(156,'D','White','',43,NULL,1),(157,'A','Black','',66,NULL,1),(157,'B','Blue','',9,NULL,1),(157,'C','Yellow','',58,NULL,1),(157,'D','Yellow','',13,NULL,1),(158,'A','Red','',45,NULL,1),(158,'B','Yellow','',28,NULL,1),(158,'C','Teal','',67,NULL,1),(158,'D','Brown','',5,NULL,1),(159,'A','Brown','',77,NULL,1),(159,'B','Yellow','',77,NULL,1),(159,'C','Red','',55,NULL,1),(159,'D','White','',99,NULL,1),(160,'A','Black','',23,NULL,1),(160,'B','Blue','',17,NULL,1),(160,'C','White','',94,NULL,1),(160,'D','White','',16,NULL,1),(161,'A','Teal','',18,NULL,1),(161,'B','Green','',12,NULL,1),(161,'C','White','',33,NULL,1),(161,'D','Brown','',3,NULL,1),(162,'A','Yellow','',47,NULL,1),(162,'B','Yellow','',45,NULL,1),(162,'C','White','',60,NULL,1),(162,'D','Green','',60,NULL,1),(163,'A','Brown','',65,NULL,1),(163,'B','Teal','',33,NULL,1),(163,'C','Brown','',10,NULL,1),(163,'D','White','',33,NULL,1),(164,'A','White','',51,NULL,1),(164,'B','Black','',58,NULL,1),(164,'C','Red','',22,NULL,1),(164,'D','Green','',93,NULL,1),(165,'A','Black','',1,NULL,1),(165,'B','Blue','',59,NULL,1),(165,'C','Green','',82,NULL,1),(165,'D','Yellow','',18,NULL,1),(166,'A','White','',84,NULL,1),(166,'B','Teal','',16,NULL,1),(166,'C','Green','',30,NULL,1),(166,'D','Blue','',58,NULL,1),(167,'A','Red','',48,NULL,1),(167,'B','Blue','',66,NULL,1),(167,'C','Brown','',56,NULL,1),(167,'D','Yellow','',62,NULL,1),(168,'A','Yellow','',20,NULL,1),(168,'B','Black','',68,NULL,1),(168,'C','Teal','',83,NULL,1),(168,'D','Red','',6,NULL,1),(169,'A','Yellow','',67,NULL,1),(169,'B','White','',8,NULL,1),(169,'C','Teal','',94,NULL,1),(169,'D','Red','',31,NULL,1),(170,'A','Yellow','',50,NULL,1),(170,'B','Brown','',83,NULL,1),(170,'C','Black','',26,NULL,1),(170,'D','Teal','',49,NULL,1),(171,'A','Yellow','',31,NULL,1),(171,'B','Blue','',83,NULL,1),(171,'C','Red','',92,NULL,1),(171,'D','Teal','',81,NULL,1),(172,'A','White','',5,NULL,1),(172,'B','Teal','',87,NULL,1),(172,'C','Brown','',34,NULL,1),(172,'D','Yellow','',92,NULL,1),(173,'A','Red','',91,NULL,1),(173,'B','Teal','',36,NULL,1),(173,'C','Red','',41,NULL,1),(173,'D','Red','',32,NULL,1),(174,'A','Yellow','',93,NULL,1),(174,'B','Green','',75,NULL,1),(174,'C','White','',90,NULL,1),(174,'D','Black','',85,NULL,1),(175,'A','Black','',25,NULL,1),(175,'B','White','',85,NULL,1),(175,'C','Black','',6,NULL,1),(175,'D','Red','',67,NULL,1),(176,'A','Brown','',24,NULL,1),(176,'B','White','',80,NULL,1),(176,'C','Brown','',86,NULL,1),(176,'D','Blue','',58,NULL,1),(177,'A','White','',58,NULL,1),(177,'B','Blue','',75,NULL,1),(177,'C','Black','',19,NULL,1),(177,'D','Yellow','',23,NULL,1),(178,'A','Teal','',78,NULL,1),(178,'B','Black','',74,NULL,1),(178,'C','Red','',19,NULL,1),(178,'D','Brown','',86,NULL,1),(179,'A','Yellow','',51,NULL,1),(179,'B','Yellow','',22,NULL,1),(179,'C','White','',8,NULL,1),(179,'D','White','',19,NULL,1),(180,'A','Brown','',14,NULL,1),(180,'B','Green','',87,NULL,1),(180,'C','Red','',82,NULL,1),(180,'D','Red','',50,NULL,1),(181,'A','Blue','',39,NULL,1),(181,'B','Blue','',26,NULL,1),(181,'C','Green','',81,NULL,1),(181,'D','Teal','',78,NULL,1),(182,'A','Yellow','',23,NULL,1),(182,'B','Teal','',55,NULL,1),(182,'C','Blue','',10,NULL,1),(182,'D','Brown','',0,NULL,1),(183,'A','Red','',33,NULL,1),(183,'B','Red','',87,NULL,1),(183,'C','White','',76,NULL,1),(183,'D','Yellow','',4,NULL,1),(184,'A','Red','',79,NULL,1),(184,'B','Blue','',99,NULL,1),(184,'C','Brown','',46,NULL,1),(184,'D','Brown','',21,NULL,1),(185,'A','Brown','',58,NULL,1),(185,'B','Brown','',71,NULL,1),(185,'C','Yellow','',8,NULL,1),(185,'D','Blue','',48,NULL,1),(186,'A','Brown','',65,NULL,1),(186,'B','Brown','',26,NULL,1),(186,'C','Black','',4,NULL,1),(186,'D','Green','',57,NULL,1),(187,'A','Red','',81,NULL,1),(187,'B','Yellow','',62,NULL,1),(187,'C','Black','',22,NULL,1),(187,'D','Blue','',27,NULL,1),(188,'A','Brown','',10,NULL,1),(188,'B','Blue','',34,NULL,1),(188,'C','Black','',51,NULL,1),(188,'D','Green','',66,NULL,1),(189,'A','Brown','',12,NULL,1),(189,'B','White','',18,NULL,1),(189,'C','Black','',39,NULL,1),(189,'D','White','',73,NULL,1),(190,'A','Teal','',82,NULL,1),(190,'B','Blue','',63,NULL,1),(190,'C','White','',23,NULL,1),(190,'D','Brown','',50,NULL,1),(191,'A','Yellow','',38,NULL,1),(191,'B','Black','',98,NULL,1),(191,'C','Red','',65,NULL,1),(191,'D','Teal','',36,NULL,1),(192,'A','Teal','',10,NULL,1),(192,'B','Green','',53,NULL,1),(192,'C','White','',6,NULL,1),(192,'D','Black','',60,NULL,1),(193,'A','White','',48,NULL,1),(193,'B','Red','',86,NULL,1),(193,'C','Red','',98,NULL,1),(193,'D','Blue','',51,NULL,1),(194,'A','Red','',75,NULL,1),(194,'B','Red','',12,NULL,1),(194,'C','Teal','',60,NULL,1),(194,'D','White','',41,NULL,1),(195,'A','White','',46,NULL,1),(195,'B','White','',63,NULL,1),(195,'C','Green','',21,NULL,1),(195,'D','Red','',68,NULL,1),(196,'A','Green','',15,NULL,1),(196,'B','Brown','',63,NULL,1),(196,'C','White','',97,NULL,1),(196,'D','Red','',26,NULL,1),(197,'A','Brown','',15,NULL,1),(197,'B','Red','',85,NULL,1),(197,'C','Teal','',65,NULL,1),(197,'D','Blue','',61,NULL,1),(198,'A','Green','',98,NULL,1),(198,'B','Brown','',97,NULL,1),(198,'C','Green','',12,NULL,1),(198,'D','White','',63,NULL,1),(199,'A','Green','',52,NULL,1),(199,'B','Black','',65,NULL,1),(199,'C','Blue','',67,NULL,1),(199,'D','Green','',73,NULL,1),(200,'A','Black','',7,NULL,1),(200,'B','White','',69,NULL,1),(200,'C','Teal','',2,NULL,1),(200,'D','White','',68,NULL,1);
/*!40000 ALTER TABLE `skus` ENABLE KEYS */;
UNLOCK TABLES;
/*!40103 SET TIME_ZONE=@OLD_TIME_ZONE */;

/*!40101 SET SQL_MODE=@OLD_SQL_MODE */;
/*!40014 SET FOREIGN_KEY_CHECKS=@OLD_FOREIGN_KEY_CHECKS */;
/*!40014 SET UNIQUE_CHECKS=@OLD_UNIQUE_CHECKS */;
/*!40101 SET CHARACTER_SET_CLIENT=@OLD_CHARACTER_SET_CLIENT */;
/*!40101 SET CHARACTER_SET_RESULTS=@OLD_CHARACTER_SET_RESULTS */;
/*!40101 SET COLLATION_CONNECTION=@OLD_COLLATION_CONNECTION */;
/*!40111 SET SQL_NOTES=@OLD_SQL_NOTES */;

-- Dump completed on 2012-01-05 21:45:10
